confidence,id,source_id,target_id,type
0.8,,Chunk(text='Changpeng Zhao,Magic Eden,shake
0.8,,Chunk(text='Changpeng Zhao,BlackRock,surge
0.8,,Chunk(text='Changpeng Zhao,the Cubic Kilometre Neutrino,drive
0.8,,Chunk(text='Changpeng Zhao,$91.37 million,drive
0.8,,1.90,more than 125 million,stand
0.8,,Chunk(text='Changpeng Zhao,1.85-$1.91,transform
0.8,,Chunk(text='Changpeng Zhao,the Cubic Kilometre Neutrino,transform
0.8,,Chunk(text='Changpeng Zhao,more than 125 million,receive
0.8,,Chunk(text='Changpeng Zhao,"src=""https://images.cointelegraph.com/images/528_aHR0cHM6Ly9zMy5jb2ludGVsZWdyYXBoLmNvbS91cGxvYWRzLzIwMjUtMTIvMDE5YjVkMWItMWY4OC03MzZkLWI3MTQtMTExNmM4MzczYmM4LmpwZw==.jpg",receive
0.8,,Chunk(text='Changpeng Zhao,images/528_aHR0cHM6Ly9zMy5jb2ludGVsZWdyYXBoLmNvbS91cGxvYWRzLzIwMjUtMTIvMDE5YjVmYzEtNDRiYi03N2UxLWIzMzItOWQzNWY5OWM0NmEzLmpwZw==.jpg,receive
0.8,,Christmas Eve,the Cubic Kilometre Neutrino,own
0.8,,Chunk(text='Changpeng Zhao,$2.9 billion,conclude
0.8,,Chunk(text='Changpeng Zhao,BlackRock,conclude
0.8,,Las Vegas Sphere,BlackRock,come
0.8,,$1.5 billion,$24.62 million,follow
0.8,,Chunk(text='Changpeng Zhao,Magic Eden,remain
0.8,,Chunk(text='Changpeng Zhao,10px 15px,remain
0.8,,Chunk(text='Changpeng Zhao,$91.37 million,remain
0.8,,Chunk(text='Changpeng Zhao,Bitcoin,distribute
0.8,,Chunk(text='Changpeng Zhao,10px 15px,use
0.8,,34,NinjaTrader,be
0.8,,Chunk(text='Changpeng Zhao,1.85-$1.91,dominate
0.8,,Chunk(text='Changpeng Zhao,the Cubic Kilometre Neutrino,maintain
0.8,,Chunk(text='Changpeng Zhao,more than 125 million,maintain
0.8,,Chunk(text='Changpeng Zhao,Christmas Eve,operate
0.8,,Chunk(text='Changpeng Zhao,$2.9 billion,expand
0.8,,the Cubic Kilometre Neutrino,"src=""https://images.cointelegraph.com/images/528_aHR0cHM6Ly9zMy5jb2ludGVsZWdyYXBoLmNvbS91cGxvYWRzLzIwMjUtMTIvMDE5YjVkMWItMWY4OC03MzZkLWI3MTQtMTExNmM4MzczYmM4LmpwZw==.jpg",validate
0.8,,more than 125 million,Magic Labs,signal
0.8,,Chunk(text='Changpeng Zhao,2025,have
0.8,,Chunk(text='Changpeng Zhao,Charles Hoskinson,have
0.8,,Chunk(text='Changpeng Zhao,Binance,have
0.8,,Chunk(text='Changpeng Zhao,the Cubic Kilometre Neutrino,have
0.8,,Chunk(text='Changpeng Zhao,$2.9 billion,include
0.8,,Chunk(text='Changpeng Zhao,$91.37 million,include
0.8,,Chunk(text='Changpeng Zhao,Las Vegas Sphere,follow
0.8,,Chunk(text='Changpeng Zhao,the year,follow
0.8,,the year,the Cubic Kilometre Neutrino,tie
0.8,,"src=""https://images.cointelegraph.com/images/528_aHR0cHM6Ly9zMy5jb2ludGVsZWdyYXBoLmNvbS91cGxvYWRzLzIwMjUtMTIvMDE5YjVkMWItMWY4OC03MzZkLWI3MTQtMTExNmM4MzczYmM4LmpwZw==.jpg",Magic Labs,manage
0.8,,the year,more than 125 million,mark
0.8,,2025,Christmas Eve,join
0.8,,2025,the year,join
0.8,,$91.37 million,more than 125 million,gain
0.8,,$91.37 million,images/528_aHR0cHM6Ly9zMy5jb2ludGVsZWdyYXBoLmNvbS91cGxvYWRzLzIwMjUtMTIvMDE5YjVmYzEtNDRiYi03N2UxLWIzMzItOWQzNWY5OWM0NmEzLmpwZw==.jpg,gain
0.8,,Chunk(text='Changpeng Zhao,Mediterranean,attribute
0.8,,Chunk(text='Changpeng Zhao,the Cubic Kilometre Neutrino,attribute
0.8,,Chunk(text='Changpeng Zhao,the Cubic Kilometre Neutrino,suppress
0.8,,images/528_aHR0cHM6Ly9zMy5jb2ludGVsZWdyYXBoLmNvbS91cGxvYWRzLzIwMjUtMTIvMDE5YjVmYzEtNDRiYi03N2UxLWIzMzItOWQzNWY5OWM0NmEzLmpwZw==.jpg,Chain Fermi,happen
0.8,,$219M,start_char=31,happen
0.8,,confidence=1.0,five year',impact
0.8,,confidence=1.0,Changpeng Zhao',impact
0.8,,confidence=1.0,Entity(text='next year',impact
0.8,,confidence=1.0,Entity(text='next year',impact
0.8,,confidence=1.0,DeFi,impact
0.8,,confidence=1.0,Entity(text='more than 125 million,impact
0.8,,confidence=1.0,this week,suggest
0.8,,confidence=1.0,Changpeng Zhao',suggest
0.8,,Entity(text='next year',Entity(text='more than 125 million,wait
0.8,,Entity(text='more than 125 million,Entity(text='$91.37 million,reclaim
0.8,,Chunk(text='Changpeng Zhao,Chain Fermi,freeze
0.8,,Chunk(text='Changpeng Zhao,Entity(text='U.S.,freeze
0.8,,8230;]</p>\n,Entity(text='next year',link
0.8,,Chunk(text='Changpeng Zhao,next year,trade
0.8,,confidence=1.0,"href=""https://cryptoslate.com",provide
0.8,,Chunk(text='Changpeng Zhao,Chain Fermi,see
0.8,,Chunk(text='Changpeng Zhao,next year,see
0.8,,Chunk(text='Changpeng Zhao,January,see
0.8,,Chunk(text='Changpeng Zhao,confidence=1.0,reach
0.8,,Chunk(text='Changpeng Zhao,confidence=1.0,reach
0.8,,confidence=1.0,Entity(text='next year',describe
0.8,,confidence=1.0,five-day,describe
0.8,,156,12/26,skyrocket
0.8,,156,Entity(text='U.S.,skyrocket
0.8,,confidence=1.0,Entity(text='next year',drive
0.8,,confidence=1.0,Entity(text='more than 125 million,drive
0.8,,confidence=1.0,Entity(text='more than 125 million,drive
0.8,,confidence=1.0,end_char=31,drive
0.8,,"src=""https://images.cointelegraph.com/images/528_aHR0cHM6Ly9zMy5jb2ludGVsZWdyYXBoLmNvbS91cGxvYWRzLzIwMjUtMTIvMDE5YjVkMWItMWY4OC03MzZkLWI3MTQtMTExNmM4MzczYmM4LmpwZw==.jpg",Chain Fermi,slash
0.8,,"src=""https://images.cointelegraph.com/images/528_aHR0cHM6Ly9zMy5jb2ludGVsZWdyYXBoLmNvbS91cGxvYWRzLzIwMjUtMTIvMDE5YjVkMWItMWY4OC03MzZkLWI3MTQtMTExNmM4MzczYmM4LmpwZw==.jpg",second year',slash
0.8,,Chunk(text='Changpeng Zhao,Focus as Ondo Tweet Signals Wall Street Shift</a>,offer
0.8,,confidence=1.0,Changpeng Zhao',end
0.8,,Swiss,Entity(text='U.S.,take
0.8,,Entity(text='U.S.,start_char=31,outline
0.8,,"href=""https://cryptoslate.com",Entity(text='next year',support
0.8,,"href=""https://cryptoslate.com",Entity(text='more than 125 million,support
0.8,,confidence=1.0,confidence=1.0,follow
0.8,,confidence=1.0,Focus as Ondo Tweet Signals Wall Street Shift</a>,follow
0.8,,confidence=1.0,"href=""https://cryptoslate.com",follow
0.8,,January,confidence=1.0,change
0.8,,Chunk(text='Changpeng Zhao,"href=""https://cryptoslate.com",be
0.8,,Chunk(text='Changpeng Zhao,five year',be
0.8,,Entity(text='more than 125 million,end_char=31,put
0.8,,Entity(text='more than 125 million,confidence=1.0,put
0.8,,Chunk(text='Changpeng Zhao,158,"alt=""Bitcoin"
0.8,,Chain Fermi,Entity(text='U.S.,face
0.8,,confidence=1.0,confidence=1.0,experience
0.8,,five year',Washington,extend
0.8,,five year',"href=""https://cryptoslate.com",extend
0.8,,second year',confidence=1.0,restore
0.8,,Chunk(text='Changpeng Zhao,$80K,slip
0.8,,86 million,Entity(text='more than 125 million,inject
0.8,,86 million,Entity(text='$91.37 million,inject
0.8,,"src=""https://images.cointelegraph.com/images/528_aHR0cHM6Ly9zMy5jb2ludGVsZWdyYXBoLmNvbS91cGxvYWRzLzIwMjUtMTIvMDE5YjVkMWItMWY4OC03MzZkLWI3MTQtMTExNmM4MzczYmM4LmpwZw==.jpg",Entity(text='next year',push
0.8,,"src=""https://images.cointelegraph.com/images/528_aHR0cHM6Ly9zMy5jb2ludGVsZWdyYXBoLmNvbS91cGxvYWRzLzIwMjUtMTIvMDE5YjVkMWItMWY4OC03MzZkLWI3MTQtMTExNmM4MzczYmM4LmpwZw==.jpg",Entity(text='more than 125 million,push
0.8,,Chain Fermi,Entity(text='U.S.,schedule
0.8,,end_char=34,confidence=1.0,follow
0.8,,end_char=34,8230;]</p>\n,follow
0.8,,"src=""https://images.cointelegraph.com/images/528_aHR0cHM6Ly9zMy5jb2ludGVsZWdyYXBoLmNvbS91cGxvYWRzLzIwMjUtMTIvMDE5YjVkMWItMWY4OC03MzZkLWI3MTQtMTExNmM4MzczYmM4LmpwZw==.jpg",Chain Fermi,"alt=""bitcoin"
0.8,,Chunk(text='Changpeng Zhao,Entity(text='U.S.,look
0.8,,confidence=1.0,confidence=1.0,point
0.8,,confidence=1.0,confidence=1.0,point
0.8,,end_char=34,five-day,take
0.8,,Entity(text='U.S.,Ethereum’s Fusaka,extend
0.8,,Chunk(text='Changpeng Zhao,Lugano,increase
0.8,,Chunk(text='Changpeng Zhao,Entity(text='more than 125 million,increase
0.8,,images/528_aHR0cHM6Ly9zMy5jb2ludGVsZWdyYXBoLmNvbS91cGxvYWRzLzIwMjUtMTIvMDE5YjVmYzEtNDRiYi03N2UxLWIzMzItOWQzNWY5OWM0NmEzLmpwZw==.jpg,Wallet,be
0.8,,Entity(text='next year',Entity(text='more than 125 million,scale
0.8,,"src=""https://images.cointelegraph.com/images/528_aHR0cHM6Ly9zMy5jb2ludGVsZWdyYXBoLmNvbS91cGxvYWRzLzIwMjUtMTIvMDE5YjVkMWItMWY4OC03MzZkLWI3MTQtMTExNmM4MzczYmM4LmpwZw==.jpg",next year,go
0.8,,"src=""https://images.cointelegraph.com/images/528_aHR0cHM6Ly9zMy5jb2ludGVsZWdyYXBoLmNvbS91cGxvYWRzLzIwMjUtMTIvMDE5YjVkMWItMWY4OC03MzZkLWI3MTQtMTExNmM4MzczYmM4LmpwZw==.jpg",Entity(text='U.S.,go
0.8,,confidence=1.0,Changpeng Zhao',close
0.8,,confidence=1.0,"href=""https://cryptoslate.com",close
0.8,,confidence=1.0,Entity(text='more than 125 million,close
0.8,,Chain Fermi,Entity(text='U.S.,reshape
0.8,,Chain Fermi,second year',reshape
0.8,,"href=""https://cryptoslate.com",start_char=31,reshape
0.8,,"href=""https://cryptoslate.com",confidence=1.0,reshape
0.8,,Entity(text='U.S.,next year,’s
0.8,,8230;]</p>\n,Entity(text='next year',spill
0.8,,8230;]</p>\n,the year,spill
0.8,,Entity(text='more than 125 million,confidence=1.0,drop
0.8,,next year,Bitcoin Mining,pay
0.8,,next year,"DAO vote""></p><p>Stani Kulechov\'s",pay
0.8,,next year,confidence=1.0,pay
0.8,,Chunk(text='Changpeng Zhao,Chain Fermi,cover
0.8,,Chain Fermi,Entity(text='U.S.,lose
0.8,,confidence=1.0,confidence=1.0,export
0.8,,confidence=1.0,"href=""https://cryptoslate.com",export
0.8,,Entity(text='U.S.,end_char=34,hit
0.8,,end_char=34,confidence=1.0,simmer
0.8,,Changpeng Zhao',Entity(text='more than 125 million,accompany
0.8,,Changpeng Zhao',Entity(text='more than 125 million,accompany
0.8,,Changpeng Zhao',Kong Bananza',accompany
0.8,,Chain Fermi,"letter/"">Samourai Wallet Co-Founder Describes",end
0.8,,Chain Fermi,December 26,end
0.8,,end_char=34,The second half of 2026,highlight
0.8,,end_char=34,8230;]</p>\n,highlight
0.8,,end_char=34,five year',highlight
0.8,,end_char=34,Entity(text='more than 125 million,highlight
0.8,,$314 billion,Entity(text='$91.37 million,manage
0.8,,confidence=1.0,"DAO vote""></p><p>Stani Kulechov\'s",bury
0.8,,confidence=1.0,Lugano,have
0.8,,Lugano,Samson Mow,contain
0.8,,Chunk(text='Changpeng Zhao,Washington,offer
0.8,,Chunk(text='Changpeng Zhao,Entity(text='more than 125 million,offer
0.8,,Chunk(text='Changpeng Zhao,Entity(text='$91.37 million,offer
0.8,,Chunk(text='Changpeng Zhao,confidence=1.0,offer
0.8,,end_char=34,confidence=1.0,hover
0.8,,end_char=34,Entity(text='more than 125 million,hover
0.8,,Chunk(text='Changpeng Zhao,1.85-$1.91,rush
0.8,,Chunk(text='Changpeng Zhao,Christmas Eve,rush
0.8,,Chunk(text='Changpeng Zhao,BlackRock,rush
0.8,,Chunk(text='Changpeng Zhao,the Cubic Kilometre Neutrino,rush
0.8,,Chunk(text='Changpeng Zhao,the Cubic Kilometre Neutrino,rush
0.8,,the Cubic Kilometre Neutrino,more than 125 million,go
0.8,,more than 125 million,images/528_aHR0cHM6Ly9zMy5jb2ludGVsZWdyYXBoLmNvbS91cGxvYWRzLzIwMjUtMTIvMDE5YjVmYzEtNDRiYi03N2UxLWIzMzItOWQzNWY5OWM0NmEzLmpwZw==.jpg,line
0.8,,Chunk(text='Changpeng Zhao,BlackRock,evolve
0.8,,the Cubic Kilometre Neutrino,more than 125 million,feel
0.8,,U.S.,"src=""https://images.cointelegraph.com/images/528_aHR0cHM6Ly9zMy5jb2ludGVsZWdyYXBoLmNvbS91cGxvYWRzLzIwMjUtMTIvMDE5YjVkMWItMWY4OC03MzZkLWI3MTQtMTExNmM4MzczYmM4LmpwZw==.jpg",buck
0.8,,U.S.,more than 125 million,buck
0.8,,Mediterranean,Chunk(text='Changpeng Zhao,build
0.8,,Mediterranean,"src=""https://images.cointelegraph.com/images/528_aHR0cHM6Ly9zMy5jb2ludGVsZWdyYXBoLmNvbS91cGxvYWRzLzIwMjUtMTIvMDE5YjVkMWItMWY4OC03MzZkLWI3MTQtMTExNmM4MzczYmM4LmpwZw==.jpg",build
0.8,,Mediterranean,next year,build
0.8,,Mediterranean,Magic Labs,build
0.8,,images/528_aHR0cHM6Ly9zMy5jb2ludGVsZWdyYXBoLmNvbS91cGxvYWRzLzIwMjUtMTIvMDE5YjVmYzEtNDRiYi03N2UxLWIzMzItOWQzNWY5OWM0NmEzLmpwZw==.jpg,Clear Street's,listen
0.8,,Chunk(text='Changpeng Zhao,a second year,highlight
0.8,,Chunk(text='Changpeng Zhao,1.85-$1.91,hit
0.8,,Chunk(text='Changpeng Zhao,Christmas Eve,hit
0.8,,the year,more than 125 million,tell
0.8,,Las Vegas Sphere,Binance,weaponize
0.8,,Las Vegas Sphere,$91.37 million,weaponize
0.8,,Las Vegas Sphere,more than 125 million,weaponize
0.8,,Chunk(text='Changpeng Zhao,Mediterranean,find
0.8,,Chunk(text='Changpeng Zhao,1.85-$1.91,be
0.8,,1.85-$1.91,multi-billion dollar,catch
0.8,,1.85-$1.91,$2.9 billion,catch
0.8,,1.85-$1.91,next year,catch
0.8,,next year,images/528_aHR0cHM6Ly9zMy5jb2ludGVsZWdyYXBoLmNvbS91cGxvYWRzLzIwMjUtMTIvMDE5YjVmYzEtNDRiYi03N2UxLWIzMzItOWQzNWY5OWM0NmEzLmpwZw==.jpg,process
0.8,,$1.5 billion,$91.37 million,be
0.8,,Chunk(text='Changpeng Zhao,the Cubic Kilometre Neutrino,adorn
0.8,,$91.37 million,more than 125 million,shut
0.8,,$91.37 million,"src=""https://images.cointelegraph.com/images/528_aHR0cHM6Ly9zMy5jb2ludGVsZWdyYXBoLmNvbS91cGxvYWRzLzIwMjUtMTIvMDE5YjVkMWItMWY4OC03MzZkLWI3MTQtMTExNmM4MzczYmM4LmpwZw==.jpg",shut
0.8,,Chunk(text='Changpeng Zhao,1.85-$1.91,open
0.8,,Chunk(text='Changpeng Zhao,1.85-$1.91,have
0.8,,Chunk(text='Changpeng Zhao,Christmas Eve,have
0.8,,Chunk(text='Changpeng Zhao,1.85-$1.91,bury
0.8,,Chunk(text='Changpeng Zhao,BlackRock,bury
0.8,,CoinDesk,more than 125 million,pull
0.8,,CoinDesk,$1.5 billion,pull
0.8,,next year,images/528_aHR0cHM6Ly9zMy5jb2ludGVsZWdyYXBoLmNvbS91cGxvYWRzLzIwMjUtMTIvMDE5YjVmYzEtNDRiYi03N2UxLWIzMzItOWQzNWY5OWM0NmEzLmpwZw==.jpg,deserve
0.8,,Chunk(text='Changpeng Zhao,the Cubic Kilometre Neutrino,focus
0.8,,Las Vegas Sphere,$314 billion,become
0.8,,CoinDesk,$2.9 billion,reveal
0.8,,Christmas Eve,"src=""https://images.cointelegraph.com/images/528_aHR0cHM6Ly9zMy5jb2ludGVsZWdyYXBoLmNvbS91cGxvYWRzLzIwMjUtMTIvMDE5YjVkMWItMWY4OC03MzZkLWI3MTQtMTExNmM4MzczYmM4LmpwZw==.jpg",slow
0.8,,Christmas Eve,next year,slow
0.8,,Chunk(text='Changpeng Zhao,Las Vegas Sphere,be
0.8,,Chunk(text='Changpeng Zhao,$952 million,be
0.8,,Chunk(text='Changpeng Zhao,BlackRock,be
0.8,,Chunk(text='Changpeng Zhao,the Cubic Kilometre Neutrino,be
0.8,,Chunk(text='Changpeng Zhao,$91.37 million,be
0.8,,Chunk(text='Changpeng Zhao,BlackRock,leak
0.8,,the year,"src=""https://images.cointelegraph.com/images/528_aHR0cHM6Ly9zMy5jb2ludGVsZWdyYXBoLmNvbS91cGxvYWRzLzIwMjUtMTIvMDE5YjVkMWItMWY4OC03MzZkLWI3MTQtMTExNmM4MzczYmM4LmpwZw==.jpg",move
0.8,,the year,"src=""https://images.cointelegraph.com/images/528_aHR0cHM6Ly9zMy5jb2ludGVsZWdyYXBoLmNvbS91cGxvYWRzLzIwMjUtMTIvMDE5YjVkMWItMWY4OC03MzZkLWI3MTQtMTExNmM4MzczYmM4LmpwZw==.jpg",move
0.8,,the year,Magic Labs,move
0.8,,Magic Eden,Christmas Eve,scrap
0.8,,1.85-$1.91,Circle,impress
0.8,,more than 125 million,images/528_aHR0cHM6Ly9zMy5jb2ludGVsZWdyYXBoLmNvbS91cGxvYWRzLzIwMjUtMTIvMDE5YjVmYzEtNDRiYi03N2UxLWIzMzItOWQzNWY5OWM0NmEzLmpwZw==.jpg,be
0.8,,Chunk(text='Changpeng Zhao,Bitcoin,hit
0.8,,$91.37 million,more than 125 million,reveal
0.8,,$91.37 million,next year,reveal
0.8,,1.85-$1.91,Chunk(text='Changpeng Zhao,reach
0.8,,1.85-$1.91,BlackRock,reach
0.8,,1.85-$1.91,$2.9 billion,reach
0.8,,1.85-$1.91,"src=""https://images.cointelegraph.com/images/528_aHR0cHM6Ly9zMy5jb2ludGVsZWdyYXBoLmNvbS91cGxvYWRzLzIwMjUtMTIvMDE5YjVkMWItMWY4OC03MzZkLWI3MTQtMTExNmM4MzczYmM4LmpwZw==.jpg",reach
0.8,,"src=""https://images.cointelegraph.com/images/528_aHR0cHM6Ly9zMy5jb2ludGVsZWdyYXBoLmNvbS91cGxvYWRzLzIwMjUtMTIvMDE5YjVkMWItMWY4OC03MzZkLWI3MTQtMTExNmM4MzczYmM4LmpwZw==.jpg",more than 125 million,flare
0.8,,Chunk(text='Changpeng Zhao,Mediterranean,see
0.8,,Chunk(text='Changpeng Zhao,Christmas Eve,see
0.8,,"src=""https://images.cointelegraph.com/images/528_aHR0cHM6Ly9zMy5jb2ludGVsZWdyYXBoLmNvbS91cGxvYWRzLzIwMjUtMTIvMDE5YjVkMWItMWY4OC03MzZkLWI3MTQtMTExNmM4MzczYmM4LmpwZw==.jpg",more than 125 million,spook
0.8,,"src=""https://images.cointelegraph.com/images/528_aHR0cHM6Ly9zMy5jb2ludGVsZWdyYXBoLmNvbS91cGxvYWRzLzIwMjUtMTIvMDE5YjVkMWItMWY4OC03MzZkLWI3MTQtMTExNmM4MzczYmM4LmpwZw==.jpg",images/528_aHR0cHM6Ly9zMy5jb2ludGVsZWdyYXBoLmNvbS91cGxvYWRzLzIwMjUtMTIvMDE5YjVmYzEtNDRiYi03N2UxLWIzMzItOWQzNWY5OWM0NmEzLmpwZw==.jpg,lead
0.8,,the Cubic Kilometre Neutrino,Chunk(text='Changpeng Zhao,close
0.8,,the Cubic Kilometre Neutrino,more than 125 million,close
0.8,,"src=""https://images.cointelegraph.com/images/528_aHR0cHM6Ly9zMy5jb2ludGVsZWdyYXBoLmNvbS91cGxvYWRzLzIwMjUtMTIvMDE5YjVkMWItMWY4OC03MzZkLWI3MTQtMTExNmM4MzczYmM4LmpwZw==.jpg",Magic Labs,be
0.8,,$314 billion,CoinDesk,range
0.8,,$91.37 million,more than 125 million,jump
0.8,,$91.37 million,next year,jump
0.8,,Chunk(text='Changpeng Zhao,Mediterranean,gobble
0.8,,Chunk(text='Changpeng Zhao,the Cubic Kilometre Neutrino,gobble
0.8,,$2.9 billion,more than 125 million,be
0.8,,CoinDesk,"src=""https://images.cointelegraph.com/images/528_aHR0cHM6Ly9zMy5jb2ludGVsZWdyYXBoLmNvbS91cGxvYWRzLzIwMjUtMTIvMDE5YjVkMWItMWY4OC03MzZkLWI3MTQtMTExNmM4MzczYmM4LmpwZw==.jpg",take
0.8,,CoinDesk,more than 125 million,take
0.8,,$1.5 billion,Magic Labs,split
0.8,,$1.5 billion,images/528_aHR0cHM6Ly9zMy5jb2ludGVsZWdyYXBoLmNvbS91cGxvYWRzLzIwMjUtMTIvMDE5YjVmYzEtNDRiYi03N2UxLWIzMzItOWQzNWY5OWM0NmEzLmpwZw==.jpg,split
0.8,,start_index=0,images/528_aHR0cHM6Ly9zMy5jb2ludGVsZWdyYXBoLmNvbS91cGxvYWRzLzIwMjUtMTIvMDE5YjVmYzEtNDRiYi03N2UxLWIzMzItOWQzNWY5OWM0NmEzLmpwZw==.jpg,reimburse
0.8,,Chunk(text='Changpeng Zhao,Christmas Eve,talk
0.8,,Chunk(text='Changpeng Zhao,the Cubic Kilometre Neutrino,talk
0.8,,Magic Labs,Clear Street's,destroy
0.8,,images/528_aHR0cHM6Ly9zMy5jb2ludGVsZWdyYXBoLmNvbS91cGxvYWRzLzIwMjUtMTIvMDE5YjVmYzEtNDRiYi03N2UxLWIzMzItOWQzNWY5OWM0NmEzLmpwZw==.jpg,Ethereum,embrace
0.8,,images/528_aHR0cHM6Ly9zMy5jb2ludGVsZWdyYXBoLmNvbS91cGxvYWRzLzIwMjUtMTIvMDE5YjVmYzEtNDRiYi03N2UxLWIzMzItOWQzNWY5OWM0NmEzLmpwZw==.jpg,Entity(text='U.S.,embrace
0.8,,confidence=1.0,start_char=31,’
0.8,,confidence=1.0,end_char=34,’
0.8,,Magic Eden,Chunk(text='Changpeng Zhao,back
0.8,,Magic Eden,CoinDesk,back
0.8,,more than 125 million,images/528_aHR0cHM6Ly9zMy5jb2ludGVsZWdyYXBoLmNvbS91cGxvYWRzLzIwMjUtMTIvMDE5YjVmYzEtNDRiYi03N2UxLWIzMzItOWQzNWY5OWM0NmEzLmpwZw==.jpg,be
0.8,,more than 125 million,images/528_aHR0cHM6Ly9zMy5jb2ludGVsZWdyYXBoLmNvbS91cGxvYWRzLzIwMjUtMTIvMDE5YjVmYzEtNDRiYi03N2UxLWIzMzItOWQzNWY5OWM0NmEzLmpwZw==.jpg,be
0.8,,the Cubic Kilometre Neutrino,more than 125 million,trade
0.8,,images/528_aHR0cHM6Ly9zMy5jb2ludGVsZWdyYXBoLmNvbS91cGxvYWRzLzIwMjUtMTIvMDE5YjVmYzEtNDRiYi03N2UxLWIzMzItOWQzNWY5OWM0NmEzLmpwZw==.jpg,$24.62 million,enable
0.8,,Changpeng Zhao',Entity(text='next year',swap
0.8,,Changpeng Zhao',Entity(text='more than 125 million,swap
0.8,,start_char=54,confidence=1.0,onchain
0.8,,start_char=54,Entity(text='ETH,onchain
0.8,,start_char=54,"Entity(text='src=""https://images.cointelegraph.com/images/528_aHR0cHM6Ly9zMy5jb2ludGVsZWdyYXBoLmNvbS91cGxvYWRzLzIwMjUtMTIvMDE5YjVkMWItMWY4OC03MzZkLWI3MTQtMTExNmM4MzczYmM4LmpwZw==.jpg'",onchain
0.8,,$2.9 billion,"Entity(text='src=""https://images.cointelegraph.com/images/528_aHR0cHM6Ly9zMy5jb2ludGVsZWdyYXBoLmNvbS91cGxvYWRzLzIwMjUtMTIvMDE5YjVkMWItMWY4OC03MzZkLWI3MTQtMTExNmM4MzczYmM4LmpwZw==.jpg'",offer
0.8,,$2.9 billion,"Entity(text='src=""https://images.cointelegraph.com/images/528_aHR0cHM6Ly9zMy5jb2ludGVsZWdyYXBoLmNvbS91cGxvYWRzLzIwMjUtMTIvMDE5YjVkMWItMWY4OC03MzZkLWI3MTQtMTExNmM4MzczYmM4LmpwZw==.jpg'",offer
0.8,,$2.9 billion,confidence=1.0,offer
0.8,,Chunk(text='Changpeng Zhao,the Cubic Kilometre Neutrino,apis
0.8,,Chunk(text='Changpeng Zhao,more than 125 million,apis
0.8,,Christmas Eve,$91.37 million,need
0.8,,$88K,Entity(text='U.S.,answer
0.8,,$88K,start_char=31,answer
0.8,,Chunk(text='Changpeng Zhao,Christmas Eve,comment
0.8,,more than 125 million,images/528_aHR0cHM6Ly9zMy5jb2ludGVsZWdyYXBoLmNvbS91cGxvYWRzLzIwMjUtMTIvMDE5YjVmYzEtNDRiYi03N2UxLWIzMzItOWQzNWY5OWM0NmEzLmpwZw==.jpg,ruin
0.8,,Hidden Road,images/528_aHR0cHM6Ly9zMy5jb2ludGVsZWdyYXBoLmNvbS91cGxvYWRzLzIwMjUtMTIvMDE5YjVmYzEtNDRiYi03N2UxLWIzMzItOWQzNWY5OWM0NmEzLmpwZw==.jpg,be
0.8,,Hidden Road,images/528_aHR0cHM6Ly9zMy5jb2ludGVsZWdyYXBoLmNvbS91cGxvYWRzLzIwMjUtMTIvMDE5YjVmYzEtNDRiYi03N2UxLWIzMzItOWQzNWY5OWM0NmEzLmpwZw==.jpg,be
0.8,,Chunk(text='Changpeng Zhao,more than 125 million,be
0.8,,Chunk(text='Changpeng Zhao,more than 125 million,be
0.8,,next year,Clear Street's,lead
0.8,,images/528_aHR0cHM6Ly9zMy5jb2ludGVsZWdyYXBoLmNvbS91cGxvYWRzLzIwMjUtMTIvMDE5YjVmYzEtNDRiYi03N2UxLWIzMzItOWQzNWY5OWM0NmEzLmpwZw==.jpg,Hidden Road,announce
0.8,,images/528_aHR0cHM6Ly9zMy5jb2ludGVsZWdyYXBoLmNvbS91cGxvYWRzLzIwMjUtMTIvMDE5YjVmYzEtNDRiYi03N2UxLWIzMzItOWQzNWY5OWM0NmEzLmpwZw==.jpg,confidence=1.0,announce
0.8,,images/528_aHR0cHM6Ly9zMy5jb2ludGVsZWdyYXBoLmNvbS91cGxvYWRzLzIwMjUtMTIvMDE5YjVmYzEtNDRiYi03N2UxLWIzMzItOWQzNWY5OWM0NmEzLmpwZw==.jpg,Chain Fermi,announce
0.8,,"Mow""></p><p>Bitcoin",confidence=1.0,propose
0.8,,confidence=1.0,confidence=1.0,issue
0.8,,confidence=1.0,confidence=1.0,issue
0.8,,more than 125 million,$91.37 million,leave
0.8,,more than 125 million,Entity(text='Owen Lau',leave
0.8,,Entity(text='8-month',end_char=302,announce
0.8,,images/528_aHR0cHM6Ly9zMy5jb2ludGVsZWdyYXBoLmNvbS91cGxvYWRzLzIwMjUtMTIvMDE5YjQ1ZGYtMTQzMi03ODE4LWE4YzMtMTEwZDlkYTcxMmM4LmpwZw==.jpg,end_char=93,build
0.8,,images/528_aHR0cHM6Ly9zMy5jb2ludGVsZWdyYXBoLmNvbS91cGxvYWRzLzIwMjUtMTIvMDE5YjQ1ZGYtMTQzMi03ODE4LWE4YzMtMTEwZDlkYTcxMmM4LmpwZw==.jpg,2025,build
0.8,,Chunk(text='Changpeng Zhao,Magic Eden,be
0.8,,Chunk(text='Changpeng Zhao,Christmas Eve,be
0.8,,NinjaTrader,images/528_aHR0cHM6Ly9zMy5jb2ludGVsZWdyYXBoLmNvbS91cGxvYWRzLzIwMjUtMTIvMDE5YjVmYzEtNDRiYi03N2UxLWIzMzItOWQzNWY5OWM0NmEzLmpwZw==.jpg,lead
0.8,,$80K,"href=""https://cryptoslate.com",end
0.8,,$80K,Entity(text='next year',end
0.8,,confidence=1.0,end_char=148,expand
0.8,,confidence=1.0,confidence=1.0,expand
0.8,,Bitcoin,'1.85-$1.91',approve
0.8,,'1.85-$1.91',$91.37 million,implement
0.8,,confidence=1.0,start_char=37,issue
0.8,,confidence=1.0,confidence=1.0,issue
0.8,,confidence=1.0,'10px 15px',be
0.8,,confidence=1.0,confidence=1.0,be
0.8,,confidence=1.0,Circle,be
0.8,,confidence=1.0,Entity(text='next year',be
0.8,,"Entity(text='src=""https://images.cointelegraph.com/images/528_aHR0cHM6Ly9zMy5jb2ludGVsZWdyYXBoLmNvbS91cGxvYWRzLzIwMjUtMTIvMDE5YjVkMWItMWY4OC03MzZkLWI3MTQtMTExNmM4MzczYmM4LmpwZw==.jpg'",confidence=1.0,raise
0.8,,images/528_aHR0cHM6Ly9zMy5jb2ludGVsZWdyYXBoLmNvbS91cGxvYWRzLzIwMjUtMTIvMDE5YjQ1ZGYtMTQzMi03ODE4LWE4YzMtMTEwZDlkYTcxMmM4LmpwZw==.jpg,images/528_aHR0cHM6Ly9zMy5jb2ludGVsZWdyYXBoLmNvbS91cGxvYWRzLzIwMjUtMTIvMDE5YjVmYzEtNDRiYi03N2UxLWIzMzItOWQzNWY5OWM0NmEzLmpwZw==.jpg,repay
0.8,,images/528_aHR0cHM6Ly9zMy5jb2ludGVsZWdyYXBoLmNvbS91cGxvYWRzLzIwMjUtMTIvMDE5YjVmYzEtNDRiYi03N2UxLWIzMzItOWQzNWY5OWM0NmEzLmpwZw==.jpg,confidence=1.0,relate
0.8,,images/528_aHR0cHM6Ly9zMy5jb2ludGVsZWdyYXBoLmNvbS91cGxvYWRzLzIwMjUtMTIvMDE5YjVmYzEtNDRiYi03N2UxLWIzMzItOWQzNWY5OWM0NmEzLmpwZw==.jpg,"src=""https://images.cointelegraph.com/images/528_aHR0cHM6Ly9zMy5jb2ludGVsZWdyYXBoLmNvbS91cGxvYWRzLzIwMjUtMTIvMDE5YjVhMjEtZTllMi03YzY4LTg2MTQtODkyMzg4NWE1NjE3LmpwZw==.jpg'",leave
0.8,,images/528_aHR0cHM6Ly9zMy5jb2ludGVsZWdyYXBoLmNvbS91cGxvYWRzLzIwMjUtMTIvMDE5YjVmYzEtNDRiYi03N2UxLWIzMzItOWQzNWY5OWM0NmEzLmpwZw==.jpg,"src=""https://images.cointelegraph.com/images/528_aHR0cHM6Ly9zMy5jb2ludGVsZWdyYXBoLmNvbS91cGxvYWRzLzIwMjUtMTIvMDE5YjVhMjEtZTllMi03YzY4LTg2MTQtODkyMzg4NWE1NjE3LmpwZw==.jpg'",leave
0.8,,south korean,$219 million,approve
0.8,,south korean,Entity(text='early 2026',approve
0.8,,south korean,start_char=61,approve
0.8,,Chunk(text='Changpeng Zhao,Magic Eden,be
0.8,,Magic Labs,Owen Lau,lead
0.8,,Entity(text='U.S.,end_char=34,punt
0.8,,Entity(text='U.S.,confidence=1.0,punt
0.8,,Changpeng Zhao',Entity(text='more than 125 million,join
0.8,,Merrill Lynch,Charles Hoskinson',expand
0.8,,confidence=1.0,confidence=1.0,apply
0.8,,confidence=1.0,China,apply
0.8,,Entity(text='8-month',Entity(text='JPMorgan',be
0.8,,images/528_aHR0cHM6Ly9zMy5jb2ludGVsZWdyYXBoLmNvbS91cGxvYWRzLzIwMjUtMTIvMDE5YjQ1ZGYtMTQzMi03ODE4LWE4YzMtMTEwZDlkYTcxMmM4LmpwZw==.jpg,images/528_aHR0cHM6Ly9zMy5jb2ludGVsZWdyYXBoLmNvbS91cGxvYWRzLzIwMjUtMTIvMDE5YjVmYzEtNDRiYi03N2UxLWIzMzItOWQzNWY5OWM0NmEzLmpwZw==.jpg,need
0.8,,Chunk(text='Changpeng Zhao,Magic Eden,be
0.8,,Magic Labs,Owen Lau,lead
0.8,,Entity(text='U.S.,end_char=34,punt
0.8,,Entity(text='U.S.,confidence=1.0,punt
0.8,,Changpeng Zhao',Entity(text='more than 125 million,join
0.8,,Merrill Lynch,Charles Hoskinson',expand
0.8,,confidence=1.0,confidence=1.0,apply
0.8,,confidence=1.0,China,apply
0.8,,Entity(text='8-month',Entity(text='JPMorgan',be
0.8,,images/528_aHR0cHM6Ly9zMy5jb2ludGVsZWdyYXBoLmNvbS91cGxvYWRzLzIwMjUtMTIvMDE5YjQ1ZGYtMTQzMi03ODE4LWE4YzMtMTEwZDlkYTcxMmM4LmpwZw==.jpg,images/528_aHR0cHM6Ly9zMy5jb2ludGVsZWdyYXBoLmNvbS91cGxvYWRzLzIwMjUtMTIvMDE5YjVmYzEtNDRiYi03N2UxLWIzMzItOWQzNWY5OWM0NmEzLmpwZw==.jpg,need
0.8,,Christmas Eve,"src=""https://images.cointelegraph.com/images/528_aHR0cHM6Ly9zMy5jb2ludGVsZWdyYXBoLmNvbS91cGxvYWRzLzIwMjUtMTIvMDE5YjVkMWItMWY4OC03MzZkLWI3MTQtMTExNmM4MzczYmM4LmpwZw==.jpg",hist
0.8,,Chunk(text='Changpeng Zhao,Magic Eden,be
0.8,,Chunk(text='Changpeng Zhao,Christmas Eve,be
0.8,,Magic Labs,images/528_aHR0cHM6Ly9zMy5jb2ludGVsZWdyYXBoLmNvbS91cGxvYWRzLzIwMjUtMTIvMDE5YjVmYzEtNDRiYi03N2UxLWIzMzItOWQzNWY5OWM0NmEzLmpwZw==.jpg,lead
0.8,,start_index=0,images/528_aHR0cHM6Ly9zMy5jb2ludGVsZWdyYXBoLmNvbS91cGxvYWRzLzIwMjUtMTIvMDE5YjVmYzEtNDRiYi03N2UxLWIzMzItOWQzNWY5OWM0NmEzLmpwZw==.jpg,issue
0.8,,Entity(text='U.S.,confidence=1.0,launch
0.8,,Entity(text='U.S.,confidence=1.0,launch
0.8,,confidence=1.0,confidence=1.0,issue
0.8,,confidence=1.0,Entity(text='next year',explain
0.8,,confidence=1.0,Entity(text='more than 125 million,explain
0.8,,'year',more than 125 million,value
0.8,,'year',Clear Street's,value
0.8,,confidence=1.0,confidence=1.0,open
0.8,,confidence=1.0,end_char=62,open
0.8,,confidence=1.0,"Entity(text='src=""https://images.cointelegraph.com/images/528_aHR0cHM6Ly9zMy5jb2ludGVsZWdyYXBoLmNvbS91cGxvYWRzLzIwMjUtMTIvMDE5YjVhMjEtZTllMi03YzY4LTg2MTQtODkyMzg4NWE1NjE3LmpwZw==.jpg'",propose
0.8,,"Entity(text='src=""https://images.cointelegraph.com/images/528_aHR0cHM6Ly9zMy5jb2ludGVsZWdyYXBoLmNvbS91cGxvYWRzLzIwMjUtMTIvMDE5YjVkMWItMWY4OC03MzZkLWI3MTQtMTExNmM4MzczYmM4LmpwZw==.jpg'",start_char=78,enable
0.8,,"Entity(text='src=""https://images.cointelegraph.com/images/528_aHR0cHM6Ly9zMy5jb2ludGVsZWdyYXBoLmNvbS91cGxvYWRzLzIwMjUtMTIvMDE5YjVkMWItMWY4OC03MzZkLWI3MTQtMTExNmM4MzczYmM4LmpwZw==.jpg'",Entity(text='JPMorgan',greenlit
0.8,,Entity(text='JPMorgan',end_char=302,title
0.8,,end_char=302,images/528_aHR0cHM6Ly9zMy5jb2ludGVsZWdyYXBoLmNvbS91cGxvYWRzLzIwMjUtMTIvMDE5YjQ1ZGYtMTQzMi03ODE4LWE4YzMtMTEwZDlkYTcxMmM4LmpwZw==.jpg,star
0.8,,Chunk(text='Changpeng Zhao,the Cubic Kilometre Neutrino,delve
0.8,,Chunk(text='Changpeng Zhao,"src=""https://images.cointelegraph.com/images/528_aHR0cHM6Ly9zMy5jb2ludGVsZWdyYXBoLmNvbS91cGxvYWRzLzIwMjUtMTIvMDE5YjVkMWItMWY4OC03MzZkLWI3MTQtMTExNmM4MzczYmM4LmpwZw==.jpg",delve
0.8,,Chunk(text='Changpeng Zhao,Magic Eden,be
0.8,,Clear Street's,images/528_aHR0cHM6Ly9zMy5jb2ludGVsZWdyYXBoLmNvbS91cGxvYWRzLzIwMjUtMTIvMDE5YjVmYzEtNDRiYi03N2UxLWIzMzItOWQzNWY5OWM0NmEzLmpwZw==.jpg,lead
0.8,,Cardano,Christmas Day,accumulate
0.8,,start_char=31,end_char=34,buy
0.8,,confidence=1.0,confidence=1.0,decline
0.8,,confidence=1.0,October,decline
0.8,,Entity(text='more than 125 million,confidence=1.0,weaken
0.8,,Entity(text='more than 125 million,start_char=48,weaken
0.8,,start_char=48,confidence=1.0,examine
0.8,,start_char=48,Charles Hoskinson',examine
0.8,,end_char=36,$91.37 million,link
0.8,,$91.37 million,Charles Hoskinson',secure
0.8,,confidence=1.0,confidence=1.0,approve
0.8,,confidence=1.0,Entity(text='the previous year',approve
0.8,,confidence=1.0,confidence=1.0,approve
0.8,,$24.62 million,'10px 15px',receive
0.8,,$24.62 million,"Entity(text='src=""https://images.cointelegraph.com/images/528_aHR0cHM6Ly9zMy5jb2ludGVsZWdyYXBoLmNvbS91cGxvYWRzLzIwMjUtMTIvMDE5YjVkMWItMWY4OC03MzZkLWI3MTQtMTExNmM4MzczYmM4LmpwZw==.jpg'",receive
0.8,,$24.62 million,"Entity(text='src=""https://images.cointelegraph.com/images/528_aHR0cHM6Ly9zMy5jb2ludGVsZWdyYXBoLmNvbS91cGxvYWRzLzIwMjUtMTIvMDE5YjVkMWItMWY4OC03MzZkLWI3MTQtMTExNmM4MzczYmM4LmpwZw==.jpg'",receive
0.8,,$24.62 million,"Entity(text='src=""https://images.cointelegraph.com/images/528_aHR0cHM6Ly9zMy5jb2ludGVsZWdyYXBoLmNvbS91cGxvYWRzLzIwMjUtMTIvMDE5YjVkMWItMWY4OC03MzZkLWI3MTQtMTExNmM4MzczYmM4LmpwZw==.jpg'",receive
0.8,,end_char=302,images/528_aHR0cHM6Ly9zMy5jb2ludGVsZWdyYXBoLmNvbS91cGxvYWRzLzIwMjUtMTIvMDE5YjQ1ZGYtMTQzMi03ODE4LWE4YzMtMTEwZDlkYTcxMmM4LmpwZw==.jpg,see
0.8,,confidence=1.0,images/528_aHR0cHM6Ly9zMy5jb2ludGVsZWdyYXBoLmNvbS91cGxvYWRzLzIwMjUtMTIvMDE5YjVmYzEtNDRiYi03N2UxLWIzMzItOWQzNWY5OWM0NmEzLmpwZw==.jpg,stem
0.8,,Christmas Eve,the Cubic Kilometre Neutrino,buy
0.8,,$2.9 billion,Magic Labs,approve
0.8,,Chunk(text='Changpeng Zhao,Circle,trade
0.8,,Chunk(text='Changpeng Zhao,Circle,trade
0.8,,Chunk(text='Changpeng Zhao,CoinDesk,trade
0.8,,"src=""https://images.cointelegraph.com/images/528_aHR0cHM6Ly9zMy5jb2ludGVsZWdyYXBoLmNvbS91cGxvYWRzLzIwMjUtMTIvMDE5YjVkMWItMWY4OC03MzZkLWI3MTQtMTExNmM4MzczYmM4LmpwZw==.jpg",more than 125 million,rise
0.8,,more than 125 million,Magic Labs,jump
0.8,,"87,498.12",start_char=31,resume
0.8,,"87,498.12",The second half of 2026,resume
0.8,,Nyan Heroes',Entity(text='next year',note
0.8,,Entity(text='more than 125 million,confidence=1.0,partner
0.8,,Mediterranean,'next year',release
0.8,,Mediterranean,Circle,release
0.8,,'10px 15px',confidence=1.0,introduce
0.8,,'10px 15px',confidence=1.0,introduce
0.8,,Chunk(text='Changpeng Zhao,Magic Eden,be
0.8,,images/528_aHR0cHM6Ly9zMy5jb2ludGVsZWdyYXBoLmNvbS91cGxvYWRzLzIwMjUtMTIvMDE5YjVmYzEtNDRiYi03N2UxLWIzMzItOWQzNWY5OWM0NmEzLmpwZw==.jpg,confidence=1.0,gain
0.8,,images/528_aHR0cHM6Ly9zMy5jb2ludGVsZWdyYXBoLmNvbS91cGxvYWRzLzIwMjUtMTIvMDE5YjVmYzEtNDRiYi03N2UxLWIzMzItOWQzNWY5OWM0NmEzLmpwZw==.jpg,158,gain
0.8,,Entity(text='more than 125 million,start_char=29,recommend
0.8,,Entity(text='more than 125 million,start_char=48,recommend
0.8,,confidence=1.0,end_char=36,agree
0.8,,confidence=1.0,'10px 15px',introduce
0.8,,Entity(text='ETH,Owen Lau',feature
0.8,,Entity(text='ETH,$24.62 million,feature
0.8,,confidence=1.0,end_char=93,appoint
0.8,,confidence=1.0,end_char=93,appoint
0.8,,confidence=1.0,images/528_aHR0cHM6Ly9zMy5jb2ludGVsZWdyYXBoLmNvbS91cGxvYWRzLzIwMjUtMTIvMDE5YjQ1ZGYtMTQzMi03ODE4LWE4YzMtMTEwZDlkYTcxMmM4LmpwZw==.jpg,appoint
0.8,,confidence=1.0,images/528_aHR0cHM6Ly9zMy5jb2ludGVsZWdyYXBoLmNvbS91cGxvYWRzLzIwMjUtMTIvMDE5YjQ1ZGYtMTQzMi03ODE4LWE4YzMtMTEwZDlkYTcxMmM4LmpwZw==.jpg,appoint
0.8,,2025,images/528_aHR0cHM6Ly9zMy5jb2ludGVsZWdyYXBoLmNvbS91cGxvYWRzLzIwMjUtMTIvMDE5YjVmYzEtNDRiYi03N2UxLWIzMzItOWQzNWY5OWM0NmEzLmpwZw==.jpg,create
0.8,,2025,images/528_aHR0cHM6Ly9zMy5jb2ludGVsZWdyYXBoLmNvbS91cGxvYWRzLzIwMjUtMTIvMDE5YjVmYzEtNDRiYi03N2UxLWIzMzItOWQzNWY5OWM0NmEzLmpwZw==.jpg,create
0.8,,2025,images/528_aHR0cHM6Ly9zMy5jb2ludGVsZWdyYXBoLmNvbS91cGxvYWRzLzIwMjUtMTIvMDE5YjVmYzEtNDRiYi03N2UxLWIzMzItOWQzNWY5OWM0NmEzLmpwZw==.jpg,create
0.8,,2025,images/528_aHR0cHM6Ly9zMy5jb2ludGVsZWdyYXBoLmNvbS91cGxvYWRzLzIwMjUtMTIvMDE5YjVmYzEtNDRiYi03N2UxLWIzMzItOWQzNWY5OWM0NmEzLmpwZw==.jpg,create
0.8,,more than 125 million,$1.5 billion,jump
0.8,,"src=""https://images.cointelegraph.com/images/528_aHR0cHM6Ly9zMy5jb2ludGVsZWdyYXBoLmNvbS91cGxvYWRzLzIwMjUtMTIvMDE5YjVkMWItMWY4OC03MzZkLWI3MTQtMTExNmM4MzczYmM4LmpwZw==.jpg",$24.62 million,bullish
0.8,,Clear Street's,Owen Lau,raise
0.8,,more than 125 million,images/528_aHR0cHM6Ly9zMy5jb2ludGVsZWdyYXBoLmNvbS91cGxvYWRzLzIwMjUtMTIvMDE5YjVmYzEtNDRiYi03N2UxLWIzMzItOWQzNWY5OWM0NmEzLmpwZw==.jpg,be
0.8,,more than 125 million,NinjaTrader,be
0.8,,Chunk(text='Changpeng Zhao,Mediterranean,be
0.8,,Chunk(text='Changpeng Zhao,$2.9 billion,be
0.8,,Chunk(text='Changpeng Zhao,1.86,be
0.8,,Chunk(text='Changpeng Zhao,images/528_aHR0cHM6Ly9zMy5jb2ludGVsZWdyYXBoLmNvbS91cGxvYWRzLzIwMjUtMTIvMDE5YjVmYzEtNDRiYi03N2UxLWIzMzItOWQzNWY5OWM0NmEzLmpwZw==.jpg,be
0.8,,"href=""https://cryptoslate.com",end_char=31,sue
0.8,,Entity(text='$91.37 million,start_char=48,secure
0.8,,Entity(text='$91.37 million,end_char=148,secure
0.8,,'10px 15px',Entity(text='ETH,work
0.8,,Entity(text='next year',$24.62 million,release
0.8,,confidence=1.0,"Entity(text='src=""https://images.cointelegraph.com/images/528_aHR0cHM6Ly9zMy5jb2ludGVsZWdyYXBoLmNvbS91cGxvYWRzLzIwMjUtMTIvMDE5YjVkMWItMWY4OC03MzZkLWI3MTQtMTExNmM4MzczYmM4LmpwZw==.jpg'",discover
0.8,,confidence=1.0,"Entity(text='src=""https://images.cointelegraph.com/images/528_aHR0cHM6Ly9zMy5jb2ludGVsZWdyYXBoLmNvbS91cGxvYWRzLzIwMjUtMTIvMDE5YjVkMWItMWY4OC03MzZkLWI3MTQtMTExNmM4MzczYmM4LmpwZw==.jpg'",discover
0.8,,confidence=1.0,"Entity(text='src=""https://images.cointelegraph.com/images/528_aHR0cHM6Ly9zMy5jb2ludGVsZWdyYXBoLmNvbS91cGxvYWRzLzIwMjUtMTIvMDE5YjVkMWItMWY4OC03MzZkLWI3MTQtMTExNmM4MzczYmM4LmpwZw==.jpg'",discover
0.8,,Entity(text='8-month',confidence=1.0,issue
0.8,,Entity(text='8-month',confidence=1.0,issue
0.8,,end_char=93,images/528_aHR0cHM6Ly9zMy5jb2ludGVsZWdyYXBoLmNvbS91cGxvYWRzLzIwMjUtMTIvMDE5YjVmYzEtNDRiYi03N2UxLWIzMzItOWQzNWY5OWM0NmEzLmpwZw==.jpg,pressure
0.8,,Chunk(text='Changpeng Zhao,Magic Eden,see
0.8,,Chunk(text='Changpeng Zhao,$952 million,see
0.8,,Chunk(text='Changpeng Zhao,the Cubic Kilometre Neutrino,position
0.8,,Chunk(text='Changpeng Zhao,CoinDesk,position
0.8,,Chunk(text='Changpeng Zhao,1.85-$1.91,enter
0.8,,Chunk(text='Changpeng Zhao,BlackRock,enter
0.8,,Chunk(text='Changpeng Zhao,the Cubic Kilometre Neutrino,achieve
0.8,,more than 125 million,"src=""https://images.cointelegraph.com/images/528_aHR0cHM6Ly9zMy5jb2ludGVsZWdyYXBoLmNvbS91cGxvYWRzLzIwMjUtMTIvMDE5YjVkMWItMWY4OC03MzZkLWI3MTQtMTExNmM4MzczYmM4LmpwZw==.jpg",scale
0.8,,Chunk(text='Changpeng Zhao,Magic Eden,locate
0.8,,Las Vegas Sphere,BlackRock,agree
0.8,,HPC,the Cubic Kilometre Neutrino,identify
0.8,,the Cubic Kilometre Neutrino,more than 125 million,affect
0.8,,the Cubic Kilometre Neutrino,Magic Labs,affect
0.8,,Las Vegas Sphere,the Cubic Kilometre Neutrino,focus
0.8,,Las Vegas Sphere,CoinDesk,focus
0.8,,Chunk(text='Changpeng Zhao,the Cubic Kilometre Neutrino,coincide
0.8,,CoinDesk,"src=""https://images.cointelegraph.com/images/528_aHR0cHM6Ly9zMy5jb2ludGVsZWdyYXBoLmNvbS91cGxvYWRzLzIwMjUtMTIvMDE5YjVkMWItMWY4OC03MzZkLWI3MTQtMTExNmM4MzczYmM4LmpwZw==.jpg",provide
0.8,,CoinDesk,images/528_aHR0cHM6Ly9zMy5jb2ludGVsZWdyYXBoLmNvbS91cGxvYWRzLzIwMjUtMTIvMDE5YjVmYzEtNDRiYi03N2UxLWIzMzItOWQzNWY5OWM0NmEzLmpwZw==.jpg,provide
0.8,,Las Vegas Sphere,BlackRock,go
0.8,,CoinDesk,$91.37 million,be
0.8,,more than 125 million,images/528_aHR0cHM6Ly9zMy5jb2ludGVsZWdyYXBoLmNvbS91cGxvYWRzLzIwMjUtMTIvMDE5YjVmYzEtNDRiYi03N2UxLWIzMzItOWQzNWY5OWM0NmEzLmpwZw==.jpg,take
0.8,,Chunk(text='Changpeng Zhao,Magic Eden,be
0.8,,Chunk(text='Changpeng Zhao,multi-billion dollar,be
0.8,,Magic Labs,NinjaTrader,get
0.8,,$91.37 million,Chunk(text='Changpeng Zhao,split
0.8,,$91.37 million,Magic Labs,split
0.8,,$91.37 million,images/528_aHR0cHM6Ly9zMy5jb2ludGVsZWdyYXBoLmNvbS91cGxvYWRzLzIwMjUtMTIvMDE5YjVmYzEtNDRiYi03N2UxLWIzMzItOWQzNWY5OWM0NmEzLmpwZw==.jpg,split
0.8,,images/528_aHR0cHM6Ly9zMy5jb2ludGVsZWdyYXBoLmNvbS91cGxvYWRzLzIwMjUtMTIvMDE5YjVmYzEtNDRiYi03N2UxLWIzMzItOWQzNWY5OWM0NmEzLmpwZw==.jpg,$219M,deepen
0.8,,confidence=1.0,confidence=1.0,cement
0.8,,confidence=1.0,this week,cement
0.8,,$2.9 billion,$1.5 billion,drop
0.8,,Chunk(text='Changpeng Zhao,$314 billion,post
0.8,,Chunk(text='Changpeng Zhao,the Cubic Kilometre Neutrino,post
0.8,,Chunk(text='Changpeng Zhao,$2.9 billion,post
0.8,,Chunk(text='Changpeng Zhao,86 million,name
0.8,,$2.9 billion,more than 125 million,speculate
0.8,,"src=""https://images.cointelegraph.com/images/528_aHR0cHM6Ly9zMy5jb2ludGVsZWdyYXBoLmNvbS91cGxvYWRzLzIwMjUtMTIvMDE5YjVkMWItMWY4OC03MzZkLWI3MTQtMTExNmM4MzczYmM4LmpwZw==.jpg",NinjaTrader,link
0.8,,Chunk(text='Changpeng Zhao,BlackRock,charge
0.8,,Chunk(text='Changpeng Zhao,$91.37 million,charge
0.8,,Magic Eden,the Cubic Kilometre Neutrino,ship
0.8,,Magic Eden,$2.9 billion,ship
0.8,,images/528_aHR0cHM6Ly9zMy5jb2ludGVsZWdyYXBoLmNvbS91cGxvYWRzLzIwMjUtMTIvMDE5YjVmYzEtNDRiYi03N2UxLWIzMzItOWQzNWY5OWM0NmEzLmpwZw==.jpg,Hidden Road,push
0.8,,images/528_aHR0cHM6Ly9zMy5jb2ludGVsZWdyYXBoLmNvbS91cGxvYWRzLzIwMjUtMTIvMDE5YjVmYzEtNDRiYi03N2UxLWIzMzItOWQzNWY5OWM0NmEzLmpwZw==.jpg,confidence=1.0,be
0.8,,end_char=34,confidence=1.0,follow
0.8,,end_char=34,Magic Eden',expose
0.8,,end_char=34,more than 125 million,expose
0.8,,Chunk(text='Changpeng Zhao,Carlos Domingo,turn
0.8,,Chunk(text='Changpeng Zhao,$2.9 billion,turn
0.8,,Chunk(text='Changpeng Zhao,the end of a years-long,turn
0.8,,confidence=1.0,Cardano,say
0.8,,confidence=1.0,Entity(text='next year',say
0.8,,confidence=1.0,$150 billion,say
0.8,,confidence=1.0,confidence=1.0,change
0.8,,confidence=1.0,confidence=1.0,change
0.8,,confidence=1.0,"as low as $65,000.</p",be
0.8,,confidence=1.0,confidence=1.0,be
0.8,,Charles Hoskinson',confidence=1.0,be
0.8,,more than 125 million,$91.37 million,absorb
0.8,,more than 125 million,Entity(text='Owen Lau',absorb
0.8,,BlackRock,Chunk(text='Changpeng Zhao,feel
0.8,,BlackRock,Earlier this month,feel
0.8,,BlackRock,Christmas Eve,feel
0.8,,BlackRock,$91.37 million,feel
0.8,,BlackRock,more than 125 million,feel
0.8,,BlackRock,next year,feel
0.8,,images/528_aHR0cHM6Ly9zMy5jb2ludGVsZWdyYXBoLmNvbS91cGxvYWRzLzIwMjUtMTIvMDE5YjVmYzEtNDRiYi03N2UxLWIzMzItOWQzNWY5OWM0NmEzLmpwZw==.jpg,confidence=1.0,watch
0.8,,images/528_aHR0cHM6Ly9zMy5jb2ludGVsZWdyYXBoLmNvbS91cGxvYWRzLzIwMjUtMTIvMDE5YjVmYzEtNDRiYi03N2UxLWIzMzItOWQzNWY5OWM0NmEzLmpwZw==.jpg,Chain Fermi,include
0.8,,next year,December 26,be
0.8,,next year,October,be
0.8,,end_char=31,confidence=1.0,live
0.8,,end_char=31,end_char=34,live
0.8,,confidence=1.0,confidence=1.0,be
0.8,,"as low as $65,000.</p",end_char=148,have
0.8,,"as low as $65,000.</p",Mediterranean,have
0.8,,Chunk(text='Changpeng Zhao,the end of a years-long,reach
0.8,,Chunk(text='Changpeng Zhao,more than 125 million,reach
0.8,,NinjaTrader,images/528_aHR0cHM6Ly9zMy5jb2ludGVsZWdyYXBoLmNvbS91cGxvYWRzLzIwMjUtMTIvMDE5YjVmYzEtNDRiYi03N2UxLWIzMzItOWQzNWY5OWM0NmEzLmpwZw==.jpg,look
0.8,,NinjaTrader,images/528_aHR0cHM6Ly9zMy5jb2ludGVsZWdyYXBoLmNvbS91cGxvYWRzLzIwMjUtMTIvMDE5YjVmYzEtNDRiYi03N2UxLWIzMzItOWQzNWY5OWM0NmEzLmpwZw==.jpg,look
0.8,,confidence=1.0,images/528_aHR0cHM6Ly9zMy5jb2ludGVsZWdyYXBoLmNvbS91cGxvYWRzLzIwMjUtMTIvMDE5YjVmYzEtNDRiYi03N2UxLWIzMzItOWQzNWY5OWM0NmEzLmpwZw==.jpg,become
0.8,,confidence=1.0,Chain Fermi,become
0.8,,Entity(text='U.S.,Christmas,capture
0.8,,Entity(text='U.S.,Ethereum’s Fusaka,capture
0.8,,confidence=1.0,BlackRock,liquidate
0.8,,more than 125 million,images/528_aHR0cHM6Ly9zMy5jb2ludGVsZWdyYXBoLmNvbS91cGxvYWRzLzIwMjUtMTIvMDE5YjVmYzEtNDRiYi03N2UxLWIzMzItOWQzNWY5OWM0NmEzLmpwZw==.jpg,acknowledge
0.8,,Brian Armstrong,Aave,place
0.8,,Brian Armstrong,Aave,place
0.8,,Brian Armstrong,confidence=1.0,place
0.8,,more than 125 million,$91.37 million,issue
0.8,,more than 125 million,Entity(text='Owen Lau',issue
0.8,,2025,1.85-$1.91,make
0.8,,2025,Binance,make
0.8,,Cardano,next year,reveal
0.8,,Ethereum,Entity(text='U.S.,carry
0.8,,Ethereum,$219M,carry
0.8,,Ethereum,end_char=31,carry
0.8,,Ethereum,start_char=31,carry
0.8,,Ethereum,start_char=31,carry
0.8,,Ethereum,start_char=31,carry
0.8,,Ethereum,confidence=1.0,carry
0.8,,CME,$1.5 billion,begin
0.8,,CME,images/528_aHR0cHM6Ly9zMy5jb2ludGVsZWdyYXBoLmNvbS91cGxvYWRzLzIwMjUtMTIvMDE5YjVmYzEtNDRiYi03N2UxLWIzMzItOWQzNWY5OWM0NmEzLmpwZw==.jpg,begin
0.8,,the Cubic Kilometre Neutrino,more than 125 million,carry
0.8,,$1.5 billion,NinjaTrader,report
0.8,,images/528_aHR0cHM6Ly9zMy5jb2ludGVsZWdyYXBoLmNvbS91cGxvYWRzLzIwMjUtMTIvMDE5YjVmYzEtNDRiYi03N2UxLWIzMzItOWQzNWY5OWM0NmEzLmpwZw==.jpg,start_index=0,say
0.8,,images/528_aHR0cHM6Ly9zMy5jb2ludGVsZWdyYXBoLmNvbS91cGxvYWRzLzIwMjUtMTIvMDE5YjVmYzEtNDRiYi03N2UxLWIzMzItOWQzNWY5OWM0NmEzLmpwZw==.jpg,Chain Fermi,pursue
0.8,,next year,start_char=31,respond
0.8,,start_char=31,end_char=34,impose
0.8,,start_char=31,confidence=1.0,impose
0.8,,confidence=1.0,Entity(text='$91.37 million,hit
0.8,,confidence=1.0,end_index=447,hit
0.8,,Chunk(text='Changpeng Zhao,Bitcoin,end
0.8,,Chunk(text='Changpeng Zhao,the Cubic Kilometre Neutrino,end
0.8,,Chunk(text='Changpeng Zhao,more than 125 million,end
0.8,,more than 125 million,images/528_aHR0cHM6Ly9zMy5jb2ludGVsZWdyYXBoLmNvbS91cGxvYWRzLzIwMjUtMTIvMDE5YjVmYzEtNDRiYi03N2UxLWIzMzItOWQzNWY5OWM0NmEzLmpwZw==.jpg,gain
0.8,,more than 125 million,images/528_aHR0cHM6Ly9zMy5jb2ludGVsZWdyYXBoLmNvbS91cGxvYWRzLzIwMjUtMTIvMDE5YjVmYzEtNDRiYi03N2UxLWIzMzItOWQzNWY5OWM0NmEzLmpwZw==.jpg,gain
0.8,,images/528_aHR0cHM6Ly9zMy5jb2ludGVsZWdyYXBoLmNvbS91cGxvYWRzLzIwMjUtMTIvMDE5YjVmYzEtNDRiYi03N2UxLWIzMzItOWQzNWY5OWM0NmEzLmpwZw==.jpg,Clear Street's,announce
0.8,,images/528_aHR0cHM6Ly9zMy5jb2ludGVsZWdyYXBoLmNvbS91cGxvYWRzLzIwMjUtMTIvMDE5YjVmYzEtNDRiYi03N2UxLWIzMzItOWQzNWY5OWM0NmEzLmpwZw==.jpg,confidence=1.0,announce
0.8,,images/528_aHR0cHM6Ly9zMy5jb2ludGVsZWdyYXBoLmNvbS91cGxvYWRzLzIwMjUtMTIvMDE5YjVmYzEtNDRiYi03N2UxLWIzMzItOWQzNWY5OWM0NmEzLmpwZw==.jpg,confidence=1.0,announce
0.8,,images/528_aHR0cHM6Ly9zMy5jb2ludGVsZWdyYXBoLmNvbS91cGxvYWRzLzIwMjUtMTIvMDE5YjVmYzEtNDRiYi03N2UxLWIzMzItOWQzNWY5OWM0NmEzLmpwZw==.jpg,146,announce
0.8,,images/528_aHR0cHM6Ly9zMy5jb2ludGVsZWdyYXBoLmNvbS91cGxvYWRzLzIwMjUtMTIvMDE5YjVmYzEtNDRiYi03N2UxLWIzMzItOWQzNWY5OWM0NmEzLmpwZw==.jpg,"Entity(text='90,353",announce
0.8,,images/528_aHR0cHM6Ly9zMy5jb2ludGVsZWdyYXBoLmNvbS91cGxvYWRzLzIwMjUtMTIvMDE5YjVmYzEtNDRiYi03N2UxLWIzMzItOWQzNWY5OWM0NmEzLmpwZw==.jpg,confidence=1.0,announce
0.8,,confidence=1.0,Entity(text='next year',[
0.8,,Arthur Hayes',Clear Street's,replace
0.8,,Chunk(text='Changpeng Zhao,Las Vegas Sphere,leave
0.8,,Chunk(text='Changpeng Zhao,$952 million,leave
0.8,,Clear Street's,start_index=0,make
0.8,,Clear Street's,images/528_aHR0cHM6Ly9zMy5jb2ludGVsZWdyYXBoLmNvbS91cGxvYWRzLzIwMjUtMTIvMDE5YjVmYzEtNDRiYi03N2UxLWIzMzItOWQzNWY5OWM0NmEzLmpwZw==.jpg,make
0.8,,confidence=1.0,"Entity(text='90,353",trade
0.8,,confidence=1.0,confidence=1.0,trade
0.8,,confidence=1.0,confidence=1.0,hit
0.8,,Chunk(text='Changpeng Zhao,Charles Hoskinson,open
0.8,,Charles Hoskinson,the Cubic Kilometre Neutrino,launch
0.8,,images/528_aHR0cHM6Ly9zMy5jb2ludGVsZWdyYXBoLmNvbS91cGxvYWRzLzIwMjUtMTIvMDE5YjVmYzEtNDRiYi03N2UxLWIzMzItOWQzNWY5OWM0NmEzLmpwZw==.jpg,NinjaTrader,prove
0.8,,Bitcoin,Changpeng Zhao',rugpulle
0.8,,confidence=1.0,Charles Hoskinson',define
0.8,,confidence=1.0,'next year',define
0.8,,confidence=1.0,'1.85-$1.91',define
0.8,,confidence=1.0,more than 125 million,define
0.8,,CoinDesk,"src=""https://images.cointelegraph.com/images/528_aHR0cHM6Ly9zMy5jb2ludGVsZWdyYXBoLmNvbS91cGxvYWRzLzIwMjUtMTIvMDE5YjVkMWItMWY4OC03MzZkLWI3MTQtMTExNmM4MzczYmM4LmpwZw==.jpg",suggest
0.8,,CoinDesk,Clear Street's,suggest
0.8,,CoinDesk,Owen Lau,suggest
0.8,,confidence=1.0,confidence=1.0,be
0.8,,Washington,$91.37 million,highlight
0.8,,"src=""https://images.cointelegraph.com/images/528_aHR0cHM6Ly9zMy5jb2ludGVsZWdyYXBoLmNvbS91cGxvYWRzLzIwMjUtMTIvMDE5YjVkMWItMWY4OC03MzZkLWI3MTQtMTExNmM4MzczYmM4LmpwZw==.jpg",images/528_aHR0cHM6Ly9zMy5jb2ludGVsZWdyYXBoLmNvbS91cGxvYWRzLzIwMjUtMTIvMDE5YjVmYzEtNDRiYi03N2UxLWIzMzItOWQzNWY5OWM0NmEzLmpwZw==.jpg,unlock
0.8,,"src=""https://images.cointelegraph.com/images/528_aHR0cHM6Ly9zMy5jb2ludGVsZWdyYXBoLmNvbS91cGxvYWRzLzIwMjUtMTIvMDE5YjVkMWItMWY4OC03MzZkLWI3MTQtMTExNmM4MzczYmM4LmpwZw==.jpg",images/528_aHR0cHM6Ly9zMy5jb2ludGVsZWdyYXBoLmNvbS91cGxvYWRzLzIwMjUtMTIvMDE5YjVmYzEtNDRiYi03N2UxLWIzMzItOWQzNWY5OWM0NmEzLmpwZw==.jpg,unlock
0.8,,"src=""https://images.cointelegraph.com/images/528_aHR0cHM6Ly9zMy5jb2ludGVsZWdyYXBoLmNvbS91cGxvYWRzLzIwMjUtMTIvMDE5YjVkMWItMWY4OC03MzZkLWI3MTQtMTExNmM4MzczYmM4LmpwZw==.jpg",Clear Street's,unlock
0.8,,"src=""https://images.cointelegraph.com/images/528_aHR0cHM6Ly9zMy5jb2ludGVsZWdyYXBoLmNvbS91cGxvYWRzLzIwMjUtMTIvMDE5YjVkMWItMWY4OC03MzZkLWI3MTQtMTExNmM4MzczYmM4LmpwZw==.jpg",Clear Street's,unlock
0.8,,"src=""https://images.cointelegraph.com/images/528_aHR0cHM6Ly9zMy5jb2ludGVsZWdyYXBoLmNvbS91cGxvYWRzLzIwMjUtMTIvMDE5YjVkMWItMWY4OC03MzZkLWI3MTQtMTExNmM4MzczYmM4LmpwZw==.jpg",Clear Street's,unlock
0.8,,"src=""https://images.cointelegraph.com/images/528_aHR0cHM6Ly9zMy5jb2ludGVsZWdyYXBoLmNvbS91cGxvYWRzLzIwMjUtMTIvMDE5YjVkMWItMWY4OC03MzZkLWI3MTQtMTExNmM4MzczYmM4LmpwZw==.jpg",images/528_aHR0cHM6Ly9zMy5jb2ludGVsZWdyYXBoLmNvbS91cGxvYWRzLzIwMjUtMTIvMDE5YjVmYzEtNDRiYi03N2UxLWIzMzItOWQzNWY5OWM0NmEzLmpwZw==.jpg,unlock
0.8,,"src=""https://images.cointelegraph.com/images/528_aHR0cHM6Ly9zMy5jb2ludGVsZWdyYXBoLmNvbS91cGxvYWRzLzIwMjUtMTIvMDE5YjVkMWItMWY4OC03MzZkLWI3MTQtMTExNmM4MzczYmM4LmpwZw==.jpg",Caroline Ellison,unlock
0.8,,end_char=44,confidence=1.0,be
0.8,,1.85-$1.91,$2.9 billion,mark
0.8,,confidence=1.0,end_char=31,appear
0.8,,Chunk(text='Changpeng Zhao,BlackRock,rise
0.8,,Chunk(text='Changpeng Zhao,$24.62 million,rise
0.8,,more than 125 million,images/528_aHR0cHM6Ly9zMy5jb2ludGVsZWdyYXBoLmNvbS91cGxvYWRzLzIwMjUtMTIvMDE5YjVmYzEtNDRiYi03N2UxLWIzMzItOWQzNWY5OWM0NmEzLmpwZw==.jpg,gain
0.8,,more than 125 million,742,gain
0.8,,TVL,Entity(text='U.S.,surge
0.8,,TVL,Entity(text='U.S.,surge
0.8,,TVL,end_char=34,surge
0.8,,Chunk(text='Changpeng Zhao,Las Vegas Sphere,slash
0.8,,Chunk(text='Changpeng Zhao,the Cubic Kilometre Neutrino,slash
0.8,,Chunk(text='Changpeng Zhao,more than 125 million,applaud
0.8,,next year,end_char=31,show
0.8,,confidence=1.0,end_char=34,highlight
0.8,,confidence=1.0,five year',highlight
0.8,,confidence=1.0,Changpeng Zhao',highlight
0.8,,confidence=1.0,Changpeng Zhao',highlight
0.8,,confidence=1.0,Changpeng Zhao',highlight
0.8,,confidence=1.0,Entity(text='next year',highlight
0.8,,confidence=1.0,Entity(text='next year',highlight
0.8,,490,more than 125 million,mock
0.8,,next year,Clear Street's,reveal
0.8,,Clear Street's,start_index=0,expand
0.8,,Clear Street's,Hidden Road,expand
0.8,,confidence=1.0,"as low as $65,000.</p",meet
0.8,,confidence=1.0,Mediterranean,win
0.8,,2025,more than 125 million,come
0.8,,more than 125 million,images/528_aHR0cHM6Ly9zMy5jb2ludGVsZWdyYXBoLmNvbS91cGxvYWRzLzIwMjUtMTIvMDE5YjVmYzEtNDRiYi03N2UxLWIzMzItOWQzNWY5OWM0NmEzLmpwZw==.jpg,be
0.8,,more than 125 million,Clear Street's,be
0.8,,$1.25 billion,next year,team
0.8,,confidence=1.0,"Entity(text='90,353",connect
0.8,,Solana,start_char=31,redirect
0.8,,Solana,"Mow""></p><p>Bitcoin",redirect
0.8,,confidence=1.0,confidence=1.0,[
0.8,,confidence=1.0,Lugano,[
0.8,,Christmas Eve,the Cubic Kilometre Neutrino,take
0.8,,Christmas Eve,more than 125 million,take
0.8,,$1.5 billion,$24.62 million,emerge
0.8,,100,images/528_aHR0cHM6Ly9zMy5jb2ludGVsZWdyYXBoLmNvbS91cGxvYWRzLzIwMjUtMTIvMDE5YjVmYzEtNDRiYi03N2UxLWIzMzItOWQzNWY5OWM0NmEzLmpwZw==.jpg,be
0.8,,Chain Fermi,confidence=1.0,sit
0.8,,1.85-$1.91,BlackRock,give
0.8,,Chunk(text='Changpeng Zhao,the Cubic Kilometre Neutrino,teach
0.8,,images/528_aHR0cHM6Ly9zMy5jb2ludGVsZWdyYXBoLmNvbS91cGxvYWRzLzIwMjUtMTIvMDE5YjVmYzEtNDRiYi03N2UxLWIzMzItOWQzNWY5OWM0NmEzLmpwZw==.jpg,$24.62 million,ask
0.8,,124,"Entity(text='90,353",deliver
0.8,,"Benjamin Cowen""></p><p>",confidence=1.0,outline
0.8,,the Cubic Kilometre Neutrino,Magic Eden,capture
0.8,,the Cubic Kilometre Neutrino,more than 125 million,capture
0.8,,the Cubic Kilometre Neutrino,$1.5 billion,capture
0.8,,more than 125 million,images/528_aHR0cHM6Ly9zMy5jb2ludGVsZWdyYXBoLmNvbS91cGxvYWRzLzIwMjUtMTIvMDE5YjVmYzEtNDRiYi03N2UxLWIzMzItOWQzNWY5OWM0NmEzLmpwZw==.jpg,show
0.8,,Chunk(text='Changpeng Zhao,images/528_aHR0cHM6Ly9zMy5jb2ludGVsZWdyYXBoLmNvbS91cGxvYWRzLzIwMjUtMTIvMDE5YjVmYzEtNDRiYi03N2UxLWIzMzItOWQzNWY5OWM0NmEzLmpwZw==.jpg,appear
0.8,,Chunk(text='Changpeng Zhao,4,appear
0.8,,Chunk(text='Changpeng Zhao,Chain Fermi,appear
0.8,,Chunk(text='Changpeng Zhao,next year,appear
0.8,,Las Vegas Sphere,multi-billion dollar,record
0.8,,Las Vegas Sphere,CoinDesk,record
0.8,,Las Vegas Sphere,4,record
0.8,,Las Vegas Sphere,100,record
0.8,,Las Vegas Sphere,images/528_aHR0cHM6Ly9zMy5jb2ludGVsZWdyYXBoLmNvbS91cGxvYWRzLzIwMjUtMTIvMDE5YjVmYzEtNDRiYi03N2UxLWIzMzItOWQzNWY5OWM0NmEzLmpwZw==.jpg,record
0.8,,Las Vegas Sphere,"Benjamin Cowen""></p><p>",record
0.8,,confidence=1.0,confidence=1.0,be
0.8,,confidence=1.0,confidence=1.0,be
0.8,,Chunk(text='Changpeng Zhao,Magic Eden,hit
0.8,,Chunk(text='Changpeng Zhao,1.85-$1.91,hit
0.8,,next year,more than 125 million,be
0.8,,next year,Magic Labs,be
0.8,,Las Vegas Sphere,the Cubic Kilometre Neutrino,release
0.8,,Las Vegas Sphere,Entity(text='next year',release
0.8,,"src=""https://images.cointelegraph.com/images/528_aHR0cHM6Ly9zMy5jb2ludGVsZWdyYXBoLmNvbS91cGxvYWRzLzIwMjUtMTIvMDE5YjVkMWItMWY4OC03MzZkLWI3MTQtMTExNmM4MzczYmM4LmpwZw==.jpg",$1.25 billion,treat
0.8,,the Cubic Kilometre Neutrino,more than 125 million,rise
0.8,,the year,the Cubic Kilometre Neutrino,set
0.8,,the year,start_char=31,set
0.8,,the year,end_char=34,set
0.8,,Las Vegas Sphere,$314 billion,signal
0.8,,Las Vegas Sphere,the Cubic Kilometre Neutrino,signal
0.8,,$1.5 billion,$24.62 million,confirm
0.8,,$1.5 billion,$1.25 billion,confirm
0.8,,$1.5 billion,3,confirm
0.8,,images/528_aHR0cHM6Ly9zMy5jb2ludGVsZWdyYXBoLmNvbS91cGxvYWRzLzIwMjUtMTIvMDE5YjVmYzEtNDRiYi03N2UxLWIzMzItOWQzNWY5OWM0NmEzLmpwZw==.jpg,Entity(text='nearly 20%,govern
0.8,,HPC,Vanguard ETFs,be
0.8,,HPC,CoinDesk,be
0.8,,Chunk(text='Changpeng Zhao,the Cubic Kilometre Neutrino,spend
0.8,,Chunk(text='Changpeng Zhao,742,spend
0.8,,Chunk(text='Changpeng Zhao,start_index=0,spend
